{"loss": [1.9194996356964111, 1.758681058883667, 1.7595744132995605, 1.7580078840255737, 1.758666753768921, 1.7593892812728882, 1.757780909538269, 1.7702854871749878, 1.766247272491455, 1.7574965953826904, 1.7577831745147705, 1.7576804161071777, 1.7603189945220947, 1.758727788925171, 1.7533478736877441, 1.7384464740753174, 1.7231730222702026, 1.7041276693344116, 1.6858620643615723, 1.6706745624542236, 1.6620632410049438, 1.6484655141830444, 1.6390609741210938, 1.6221535205841064, 1.6112892627716064, 1.5969207286834717, 1.5813404321670532, 1.5677074193954468, 1.551932692527771, 1.550797462463379, 1.523451328277588, 1.5171771049499512, 1.5036380290985107, 1.487934947013855, 1.490944743156433, 1.4790672063827515, 1.4764429330825806, 1.472748875617981, 1.4603890180587769, 1.4641135931015015, 1.4573619365692139, 1.450252890586853, 1.4433228969573975, 1.4420796632766724, 1.437311053276062, 1.4354699850082397, 1.4322608709335327, 1.415418267250061, 1.4217115640640259, 1.4216896295547485], "accuracy": [0.25240957736968994, 0.25510653853416443, 0.2551949918270111, 0.25515076518058777, 0.2553718388080597, 0.25515076518058777, 0.25541603565216064, 0.25466442108154297, 0.25523918867111206, 0.25541603565216064, 0.25532761216163635, 0.2553718388080597, 0.25501811504364014, 0.255460262298584, 0.25444337725639343, 0.2593509554862976, 0.26898929476737976, 0.27924662828445435, 0.28981342911720276, 0.2941020429134369, 0.30033600330352783, 0.3042709231376648, 0.3173578679561615, 0.3213369846343994, 0.3319037854671478, 0.3460076153278351, 0.34954461455345154, 0.3640021085739136, 0.3713856339454651, 0.36890971660614014, 0.3802281320095062, 0.38142186403274536, 0.39150235056877136, 0.3986205756664276, 0.40087541937828064, 0.40688830614089966, 0.40339553356170654, 0.4077283442020416, 0.4127686023712158, 0.4119727611541748, 0.4120611846446991, 0.41772040724754333, 0.4201078712940216, 0.42819878458976746, 0.4263860583305359, 0.4286409020423889, 0.4285524785518646, 0.43925192952156067, 0.4336811304092407, 0.43332743644714355], "val_loss": [1.7597930431365967, 1.7577173709869385, 1.7576757669448853, 1.7573531866073608, 1.7573637962341309, 1.7573509216308594, 1.7574187517166138, 1.7575337886810303, 1.7573298215866089, 1.7578644752502441, 1.7577152252197266, 1.7578309774398804, 1.7578259706497192, 1.7575453519821167, 1.7426670789718628, 1.7117878198623657, 1.662219524383545, 1.6495232582092285, 1.6577280759811401, 1.6114909648895264, 1.607045292854309, 1.5980045795440674, 1.5590147972106934, 1.5241668224334717, 1.506888747215271, 1.4532716274261475, 1.445265769958496, 1.4229344129562378, 1.4348691701889038, 1.422729253768921, 1.3890798091888428, 1.3673193454742432, 1.3655399084091187, 1.387145757675171, 1.42270827293396, 1.3409451246261597, 1.3268446922302246, 1.369370937347412, 1.3405755758285522, 1.3241194486618042, 1.341888666152954, 1.3343253135681152, 1.3049143552780151, 1.3206719160079956, 1.3027797937393188, 1.2681041955947876, 1.3021832704544067, 1.2961922883987427, 1.3064887523651123, 1.2955418825149536], "val_accuracy": [0.25517240166664124, 0.25517240166664124, 0.25517240166664124, 0.2555260956287384, 0.2555260956287384, 0.2555260956287384, 0.2555260956287384, 0.2555260956287384, 0.2555260956287384, 0.2555260956287384, 0.2555260956287384, 0.2555260956287384, 0.25517240166664124, 0.25499558448791504, 0.24332448840141296, 0.26613616943359375, 0.29354554414749146, 0.3059239685535431, 0.3092838227748871, 0.326790452003479, 0.3303271532058716, 0.3510167896747589, 0.36816975474357605, 0.3835543692111969, 0.39717063307762146, 0.41220158338546753, 0.4282935559749603, 0.43465960025787354, 0.41697612404823303, 0.4304155707359314, 0.4502210319042206, 0.46224579215049744, 0.45747125148773193, 0.45870912075042725, 0.4534040689468384, 0.47480106353759766, 0.48452696204185486, 0.4740937352180481, 0.48311227560043335, 0.4841732978820801, 0.48824048042297363, 0.488770991563797, 0.48293545842170715, 0.48470380902290344, 0.49902740120887756, 0.5161803960800171, 0.49761274456977844, 0.5013262629508972, 0.5006189346313477, 0.5059239864349365], "total_images": 28273, "train_images": 22618, "test_images": 5655, "accuracy_percentage": 50.59239610963749, "classification_report": {"binh_thuong": {"precision": 0.4340062111801242, "recall": 0.5629405840886204, "f1-score": 0.490135905304691, "support": 993.0}, "buon": {"precision": 0.4556113902847571, "recall": 0.2815734989648033, "f1-score": 0.3480486244401791, "support": 966.0}, "cuoi": {"precision": 0.6162493612672458, "recall": 0.8357588357588358, "f1-score": 0.7094117647058823, "support": 1443.0}, "ngac_nhien": {"precision": 0.5381165919282511, "recall": 0.7570977917981072, "f1-score": 0.6290956749672346, "support": 634.0}, "so_hai": {"precision": 0.28061224489795916, "recall": 0.06707317073170732, "f1-score": 0.10826771653543307, "support": 820.0}, "tuc_gian": {"precision": 0.3986206896551724, "recall": 0.3617021276595745, "f1-score": 0.37926509186351703, "support": 799.0}, "accuracy": 0.5059239610963749, "macro avg": {"precision": 0.45386941486891824, "recall": 0.4776910015002747, "f1-score": 0.4440374629694894, "support": 5655.0}, "weighted avg": {"precision": 0.46862997173455256, "recall": 0.5059239610963749, "f1-score": 0.46635899125280134, "support": 5655.0}}}