{"loss": [3.3203368186950684, 1.780666470527649, 1.7697852849960327, 1.7291545867919922, 1.71353018283844, 1.6637171506881714, 1.566263198852539, 1.5795114040374756, 1.483381748199463, 1.4714668989181519, 1.3873438835144043, 1.4017105102539062, 1.3392397165298462, 1.3163447380065918, 1.2764703035354614, 1.2323857545852661, 1.198432207107544, 1.2064669132232666, 1.1532073020935059, 1.1597195863723755, 1.1641676425933838, 1.1491776704788208, 1.1569736003875732, 1.1095587015151978, 1.1616435050964355, 1.0914888381958008, 1.0769133567810059, 1.1002691984176636, 1.041428565979004, 1.0391079187393188, 1.0339475870132446, 1.0383667945861816, 0.9949133396148682, 1.0128071308135986, 1.029280185699463, 0.998115062713623, 1.0083483457565308, 0.9720458388328552, 1.0088074207305908, 0.950259804725647, 0.9637720584869385, 0.9448515176773071, 0.9153571128845215, 0.9698158502578735, 0.9145625233650208, 0.9410366415977478, 0.938631534576416, 0.9369421005249023, 0.9082172513008118, 0.9196379780769348], "accuracy": [0.1687130481004715, 0.20782174170017242, 0.21236926317214966, 0.23874488472938538, 0.24693042039871216, 0.25829923152923584, 0.29604366421699524, 0.3133242428302765, 0.3606184720993042, 0.3487949073314667, 0.3919963538646698, 0.3824465572834015, 0.4120054543018341, 0.42519327998161316, 0.42928603291511536, 0.4570259153842926, 0.4652114510536194, 0.4624829590320587, 0.4724874794483185, 0.47021374106407166, 0.47748976945877075, 0.4938608407974243, 0.49749886989593506, 0.4934060871601105, 0.48567530512809753, 0.5025011301040649, 0.5165984630584717, 0.5061391592025757, 0.5234197378158569, 0.5293315052986145, 0.528876781463623, 0.5434288382530212, 0.5416098237037659, 0.5461573600769043, 0.5434288382530212, 0.5566166639328003, 0.5484310984611511, 0.5529786348342896, 0.5452478528022766, 0.5702592134475708, 0.5570713877677917, 0.5607094168663025, 0.577080488204956, 0.5702592134475708, 0.5861755609512329, 0.5857207775115967, 0.5870850682258606, 0.5657116770744324, 0.5889040231704712, 0.6052751541137695], "val_loss": [1.7836756706237793, 1.7675679922103882, 1.7098605632781982, 1.642305612564087, 1.6915861368179321, 1.5167179107666016, 1.3775670528411865, 1.362718939781189, 1.3000636100769043, 1.2428526878356934, 1.139148473739624, 1.1834946870803833, 1.098665714263916, 1.1653691530227661, 1.0775742530822754, 1.048082947731018, 1.061605453491211, 1.0307339429855347, 1.0083543062210083, 0.978589653968811, 1.0024664402008057, 0.9150431752204895, 1.024762511253357, 0.8947787880897522, 1.093468427658081, 0.9314625263214111, 0.9047031402587891, 0.9484457969665527, 0.9346972703933716, 0.8638270497322083, 0.9385180473327637, 0.8246572613716125, 0.8398448824882507, 0.9024850726127625, 0.9120890498161316, 0.9537553191184998, 0.827951967716217, 0.7910097241401672, 0.8255113959312439, 0.8001241683959961, 0.7773855924606323, 0.7871975898742676, 0.9776425957679749, 0.7463912963867188, 0.7753238677978516, 0.8218364119529724, 0.8748388290405273, 0.7640545964241028, 0.8074154257774353, 0.7269479632377625], "val_accuracy": [0.16363635659217834, 0.2454545497894287, 0.20000000298023224, 0.3054545521736145, 0.31272727251052856, 0.3636363744735718, 0.44363635778427124, 0.3781818151473999, 0.35818180441856384, 0.41999998688697815, 0.4545454680919647, 0.4509090781211853, 0.4618181884288788, 0.4636363685131073, 0.45636364817619324, 0.4745454490184784, 0.46727272868156433, 0.49272727966308594, 0.4854545593261719, 0.5636363625526428, 0.5381818413734436, 0.5436363816261292, 0.5127272605895996, 0.610909104347229, 0.5018181800842285, 0.589090883731842, 0.5709090828895569, 0.5690909028053284, 0.5490909218788147, 0.5927272439002991, 0.5709090828895569, 0.6436363458633423, 0.6309090852737427, 0.5745454430580139, 0.6345454454421997, 0.5672727227210999, 0.614545464515686, 0.6600000262260437, 0.6454545259475708, 0.6581818461418152, 0.6600000262260437, 0.6636363863945007, 0.6127272844314575, 0.6745454668998718, 0.6581818461418152, 0.6854545474052429, 0.6618182063102722, 0.6690909266471863, 0.6418181657791138, 0.6727272868156433], "total_images": 2749, "train_images": 2199, "test_images": 550, "accuracy_percentage": 67.27272727272727, "classification_report": {"binh_thuong": {"precision": 0.7888888888888889, "recall": 0.71, "f1-score": 0.7473684210526316, "support": 100.0}, "buon": {"precision": 0.9090909090909091, "recall": 0.989010989010989, "f1-score": 0.9473684210526315, "support": 91.0}, "cuoi": {"precision": 0.8137254901960784, "recall": 0.83, "f1-score": 0.8217821782178217, "support": 100.0}, "ngac_nhien": {"precision": 0.48878923766816146, "recall": 0.9478260869565217, "f1-score": 0.6449704142011834, "support": 115.0}, "so_hai": {"precision": 0.4166666666666667, "recall": 0.136986301369863, "f1-score": 0.20618556701030927, "support": 73.0}, "tuc_gian": {"precision": 0.5833333333333334, "recall": 0.09859154929577464, "f1-score": 0.1686746987951807, "support": 71.0}, "accuracy": 0.6727272727272727, "macro avg": {"precision": 0.6667490876406729, "recall": 0.6187358211055247, "f1-score": 0.5893916167216263, "support": 550.0}, "weighted avg": {"precision": 0.674605102365348, "recall": 0.6727272727272727, "f1-score": 0.6260447888766932, "support": 550.0}}}