{"loss": [3.40822696685791, 1.653674602508545, 1.5895835161209106, 1.4563835859298706, 1.3718430995941162, 1.3603006601333618, 1.293047308921814, 1.2886849641799927, 1.2492408752441406, 1.2373920679092407, 1.1913989782333374, 1.2370363473892212, 1.2166123390197754, 1.1706470251083374, 1.1198415756225586, 1.067031979560852, 1.0747044086456299, 1.076454758644104, 1.0817465782165527, 1.028161883354187, 1.043065071105957, 1.0413182973861694, 1.0536422729492188, 1.0294028520584106, 0.9747424721717834, 0.9937658309936523, 0.9707041382789612, 0.932120680809021, 0.9550572633743286, 0.9287863969802856, 0.9428761005401611, 0.9304235577583313, 0.9148304462432861, 0.9026697874069214, 0.9103984832763672, 0.8695080876350403, 0.8860141038894653, 0.8853602409362793, 0.8564757108688354, 0.8349326252937317, 0.8426632285118103, 0.842726469039917, 0.8532991409301758, 0.8215987086296082, 0.8652222156524658, 0.8081554770469666, 0.7909687757492065, 0.8102927207946777, 0.7883445024490356, 0.8136454224586487], "accuracy": [0.19645293056964874, 0.2842200994491577, 0.3124147355556488, 0.3701682686805725, 0.41155070066452026, 0.42064574360847473, 0.4433833658695221, 0.44383811950683594, 0.4602091908454895, 0.46793997287750244, 0.4665757119655609, 0.4570259153842926, 0.46157345175743103, 0.4747612476348877, 0.5034106373786926, 0.4997726380825043, 0.5084128975868225, 0.5143246650695801, 0.5129604339599609, 0.5179626941680908, 0.5302410125732422, 0.5347885489463806, 0.5256934762001038, 0.5243292450904846, 0.5447930693626404, 0.5484310984611511, 0.5579808950424194, 0.5698044300079346, 0.5670759677886963, 0.5784447193145752, 0.5547976493835449, 0.5707139372825623, 0.5784447193145752, 0.5939063429832458, 0.5734424591064453, 0.5879945158958435, 0.5957253575325012, 0.584811270236969, 0.6089131236076355, 0.6043656468391418, 0.5966348052024841, 0.6157343983650208, 0.6098226308822632, 0.6148248910903931, 0.6243746876716614, 0.6330150365829468, 0.6516598463058472, 0.6234652400016785, 0.6439290642738342, 0.6307412385940552], "val_loss": [1.6725536584854126, 1.472628116607666, 1.3360286951065063, 1.426137089729309, 1.1567529439926147, 1.1112935543060303, 1.1667625904083252, 1.0477136373519897, 0.986555278301239, 1.0003665685653687, 0.9994484782218933, 1.232244610786438, 0.9930000305175781, 1.0684258937835693, 0.9992995262145996, 0.9188754558563232, 0.9623925685882568, 0.8712138533592224, 0.9152491092681885, 0.982614278793335, 0.8163207173347473, 0.8263667821884155, 0.9699884653091431, 0.8841427564620972, 0.8300827741622925, 0.9634302854537964, 0.8164968490600586, 0.9339863657951355, 0.7671301364898682, 0.8001864552497864, 0.770964503288269, 0.7798128128051758, 0.8735371232032776, 0.8022674918174744, 0.7613095045089722, 0.7683637142181396, 0.8034699559211731, 0.7680385708808899, 0.8361636400222778, 0.8294860124588013, 0.7345185279846191, 0.7849622964859009, 0.8755834698677063, 0.6852636933326721, 0.7168426513671875, 0.719833254814148, 0.7836981415748596, 0.7492656111717224, 0.7798612713813782, 0.8551846742630005], "val_accuracy": [0.28545454144477844, 0.3509090840816498, 0.44545453786849976, 0.4272727370262146, 0.5199999809265137, 0.5054545402526855, 0.46909090876579285, 0.5109090805053711, 0.5290908813476562, 0.5309090614318848, 0.5127272605895996, 0.5145454406738281, 0.5690909028053284, 0.5400000214576721, 0.5199999809265137, 0.5745454430580139, 0.5454545617103577, 0.585454523563385, 0.589090883731842, 0.5600000023841858, 0.6490908861160278, 0.6127272844314575, 0.5454545617103577, 0.6054545640945435, 0.6018182039260864, 0.6054545640945435, 0.614545464515686, 0.5618181824684143, 0.6418181657791138, 0.6381818056106567, 0.6399999856948853, 0.6345454454421997, 0.6399999856948853, 0.6618182063102722, 0.6272727251052856, 0.6454545259475708, 0.6127272844314575, 0.7200000286102295, 0.6272727251052856, 0.6781818270683289, 0.6454545259475708, 0.6763636469841003, 0.6600000262260437, 0.7109090685844421, 0.7127272486686707, 0.7054545283317566, 0.6727272868156433, 0.6472727060317993, 0.6763636469841003, 0.6690909266471863], "total_images": 2749, "train_images": 2199, "test_images": 550, "accuracy_percentage": 66.9090909090909, "classification_report": {"binh_thuong": {"precision": 0.6296296296296297, "recall": 0.85, "f1-score": 0.723404255319149, "support": 100.0}, "buon": {"precision": 0.9836065573770492, "recall": 0.6593406593406593, "f1-score": 0.7894736842105262, "support": 91.0}, "cuoi": {"precision": 0.8585858585858586, "recall": 0.85, "f1-score": 0.8542713567839195, "support": 100.0}, "ngac_nhien": {"precision": 0.6811594202898551, "recall": 0.8173913043478261, "f1-score": 0.7430830039525691, "support": 115.0}, "so_hai": {"precision": 0.21212121212121213, "recall": 0.0958904109589041, "f1-score": 0.1320754716981132, "support": 73.0}, "tuc_gian": {"precision": 0.44047619047619047, "recall": 0.5211267605633803, "f1-score": 0.4774193548387097, "support": 71.0}, "accuracy": 0.6690909090909091, "macro avg": {"precision": 0.6342631447466324, "recall": 0.6322915225351283, "f1-score": 0.6199545211338312, "support": 550.0}, "weighted avg": {"precision": 0.6607667943360939, "recall": 0.6690909090909091, "f1-score": 0.6520045373736743, "support": 550.0}}}